<?xml version="1.0" encoding="UTF-8" ?>
<!DOCTYPE mapper PUBLIC "-//mybatis.org//DTD Mapper 3.0//EN"
"http://mybatis.org/dtd/mybatis-3-mapper.dtd">
<mapper namespace="com.tarena.dao.RoleMapper">
	<!-- 角色分页 -->
	<select id="getCount" 
	        parameterType="Page"
	        resultType="java.lang.Integer">
		select 
		    count(role_id) as geshu
        from t_role
		where role_name like #{roleKeyword}
	</select>
	<select id="getRoles" 
	        parameterType="Page"
	        resultType="Role">
		select 
		    role_id as id,
		    role_name as name
        from t_role
		where role_name like #{roleKeyword}
		limit #{begin},#{pageSize}
	</select>
	<insert id="addRole" parameterType="Role">
		insert into t_role
		(role_id,role_name)
		values
		(#{id,jdbcType=CHAR},#{name,jdbcType=VARCHAR})
	</insert>
	<delete id="deleteRole" parameterType="java.lang.String">
		delete from t_role
		where role_id=#{id}
	</delete>
	<update id="updateRole" parameterType="Role">
		update t_role
		set 
		   role_name=#{name,jdbcType=VARCHAR}
		where
		   role_id=#{id,jdbcType=CHAR}
	</update>
	<!-- 查询所有角色 -->
	<select id="findAllRoleName"
	        resultType="Role">
		select 
		    role_id id,
		    role_name name
		from 
		    t_role
	</select>
</mapper>